Entity,Code,Year,Human Development Index,Corruption Perception Index - Transparency International (2018),Population (historical estimates)
Afghanistan,AFG,2012,0.466,8,30466484
Afghanistan,AFG,2013,0.474,8,31541216
Afghanistan,AFG,2014,0.479,12,32716214
Afghanistan,AFG,2015,0.478,11,33753500
Afghanistan,AFG,2016,0.481,15,34636212
Afghanistan,AFG,2017,0.482,15,35643420
Afghanistan,AFG,2018,0.483,16,36686788
Albania,ALB,2012,0.778,33,2892191
Albania,ALB,2013,0.785,31,2887019
Albania,ALB,2014,0.792,33,2884100
Albania,ALB,2015,0.795,36,2882482
Albania,ALB,2016,0.798,39,2881064
Albania,ALB,2017,0.802,38,2879361
Albania,ALB,2018,0.806,36,2877019
Algeria,DZA,2012,0.729,34,37260568
Algeria,DZA,2013,0.731,36,38000628
Algeria,DZA,2014,0.735,36,38760168
Algeria,DZA,2015,0.74,36,39543148
Algeria,DZA,2016,0.743,34,40339328
Algeria,DZA,2017,0.744,33,41136548
Algeria,DZA,2018,0.745,35,41927008
Angola,AGO,2012,0.541,22,25188298
Angola,AGO,2013,0.552,23,26147012
Angola,AGO,2014,0.563,19,27128340
Angola,AGO,2015,0.582,15,28127724
Angola,AGO,2016,0.596,18,29154742
Angola,AGO,2017,0.597,19,30208634
Angola,AGO,2018,0.595,19,31273538
Argentina,ARG,2012,0.843,35,41952364
Argentina,ARG,2013,0.845,34,42388268
Argentina,ARG,2014,0.846,34,42824064
Argentina,ARG,2015,0.848,32,43257064
Argentina,ARG,2016,0.847,36,43668236
Argentina,ARG,2017,0.851,39,44054616
Argentina,ARG,2018,0.85,40,44413592
Armenia,ARM,2012,0.755,34,2914428
Armenia,ARM,2013,0.76,36,2901386
Armenia,ARM,2014,0.764,37,2889937
Armenia,ARM,2015,0.766,35,2878598
Armenia,ARM,2016,0.765,33,2865841
Armenia,ARM,2017,0.768,35,2851929
Armenia,ARM,2018,0.771,35,2836563
Australia,AUS,2012,0.93,85,22729272
Australia,AUS,2013,0.929,81,23111788
Australia,AUS,2014,0.931,80,23469578
Australia,AUS,2015,0.933,79,23820240
Australia,AUS,2016,0.935,79,24195706
Australia,AUS,2017,0.937,77,24590336
Australia,AUS,2018,0.941,77,24979228
Austria,AUT,2012,0.906,69,8429641
Austria,AUT,2013,0.905,69,8479542
Austria,AUT,2014,0.909,72,8546066
Austria,AUT,2015,0.91,76,8642422
Austria,AUT,2016,0.915,75,8736491
Austria,AUT,2017,0.916,75,8797497
Austria,AUT,2018,0.917,76,8840518
Azerbaijan,AZE,2012,0.734,27,9485577
Azerbaijan,AZE,2013,0.741,28,9614478
Azerbaijan,AZE,2014,0.745,29,9741879
Azerbaijan,AZE,2015,0.748,29,9863485
Azerbaijan,AZE,2016,0.75,30,9976254
Azerbaijan,AZE,2017,0.753,31,10071569
Azerbaijan,AZE,2018,0.757,25,10152524
Bahamas,BHS,2012,0.815,71,382073
Bahamas,BHS,2013,0.816,71,385660
Bahamas,BHS,2014,0.82,71,389137
Bahamas,BHS,2016,0.823,66,395986
Bahamas,BHS,2017,0.825,65,399027
Bahamas,BHS,2018,0.827,65,401911
Bahrain,BHR,2012,0.817,51,1224948
Bahrain,BHR,2013,0.824,48,1261683
Bahrain,BHR,2014,0.83,49,1311142
Bahrain,BHR,2015,0.858,51,1362157
Bahrain,BHR,2016,0.865,43,1409668
Bahrain,BHR,2017,0.869,36,1456844
Bahrain,BHR,2018,0.879,36,1487346
Bangladesh,BGD,2012,0.572,26,152090656
Bangladesh,BGD,2013,0.574,27,154030144
Bangladesh,BGD,2014,0.583,25,155961312
Bangladesh,BGD,2015,0.602,25,157830000
Bangladesh,BGD,2016,0.612,26,159784576
Bangladesh,BGD,2017,0.622,28,161793968
Bangladesh,BGD,2018,0.635,26,163683952
Barbados,BRB,2012,0.787,76,276207
Barbados,BRB,2013,0.787,75,276873
Barbados,BRB,2014,0.789,74,277501
Barbados,BRB,2016,0.794,61,278660
Barbados,BRB,2017,0.796,68,279199
Barbados,BRB,2018,0.797,68,279702
Belarus,BLR,2012,0.806,31,9693754
Belarus,BLR,2013,0.808,29,9691143
Belarus,BLR,2014,0.812,31,9693741
Belarus,BLR,2015,0.812,32,9700609
Belarus,BLR,2016,0.813,40,9708111
Belarus,BLR,2017,0.817,44,9707874
Belarus,BLR,2018,0.818,44,9695573
Belgium,BEL,2012,0.915,75,11031140
Belgium,BEL,2013,0.916,75,11103260
Belgium,BEL,2014,0.921,76,11176727
Belgium,BEL,2015,0.924,77,11248306
Belgium,BEL,2016,0.927,77,11316837
Belgium,BEL,2017,0.931,75,11384491
Belgium,BEL,2018,0.933,75,11448598
Benin,BEN,2012,0.509,36,10014087
Benin,BEN,2013,0.52,36,10308730
Benin,BEN,2014,0.524,39,10614845
Benin,BEN,2015,0.529,37,10932791
Benin,BEN,2016,0.53,36,11260091
Benin,BEN,2017,0.53,39,11596786
Benin,BEN,2018,0.53,40,11940688
Bhutan,BTN,2012,0.598,63,721154
Bhutan,BTN,2013,0.606,63,728898
Bhutan,BTN,2014,0.617,65,736362
Bhutan,BTN,2015,0.627,65,743284
Bhutan,BTN,2016,0.638,65,749764
Bhutan,BTN,2017,0.647,67,756130
Bhutan,BTN,2018,0.658,68,762104
Bolivia,BOL,2012,0.674,34,10569697
Bolivia,BOL,2013,0.682,34,10743352
Bolivia,BOL,2014,0.684,35,10916991
Bolivia,BOL,2015,0.69,34,11090090
Bolivia,BOL,2016,0.701,33,11263016
Bolivia,BOL,2017,0.708,33,11435535
Bolivia,BOL,2018,0.714,29,11606906
Bosnia and Herzegovina,BIH,2012,0.745,42,3674376
Bosnia and Herzegovina,BIH,2013,0.751,42,3617564
Bosnia and Herzegovina,BIH,2014,0.756,39,3571070
Bosnia and Herzegovina,BIH,2015,0.761,38,3524328
Bosnia and Herzegovina,BIH,2016,0.77,39,3480985
Bosnia and Herzegovina,BIH,2017,0.772,38,3440025
Bosnia and Herzegovina,BIH,2018,0.776,38,3400132
Botswana,BWA,2012,0.674,65,2175429
Botswana,BWA,2013,0.687,64,2217285
Botswana,BWA,2014,0.696,63,2260383
Botswana,BWA,2015,0.702,63,2305177
Botswana,BWA,2016,0.713,60,2352419
Botswana,BWA,2017,0.722,61,2401848
Botswana,BWA,2018,0.716,61,2451411
Brazil,BRA,2012,0.732,43,199977712
Brazil,BRA,2013,0.75,42,201721776
Brazil,BRA,2014,0.754,43,203459648
Brazil,BRA,2015,0.753,38,205188208
Brazil,BRA,2016,0.755,40,206859584
Brazil,BRA,2017,0.759,37,208504960
Brazil,BRA,2018,0.764,35,210166592
Brunei,BRN,2012,0.838,55,406637
Brunei,BRN,2013,0.838,60,411704
Brunei,BRN,2016,0.835,58,426001
Brunei,BRN,2017,0.834,62,430290
Brunei,BRN,2018,0.83,63,434283
Bulgaria,BGR,2012,0.798,41,7488347
Bulgaria,BGR,2013,0.805,41,7431169
Bulgaria,BGR,2014,0.807,43,7372142
Bulgaria,BGR,2015,0.809,41,7309255
Bulgaria,BGR,2016,0.809,41,7245982
Bulgaria,BGR,2017,0.808,43,7182430
Bulgaria,BGR,2018,0.809,42,7117424
Burkina Faso,BFA,2012,0.395,38,17113736
Burkina Faso,BFA,2013,0.402,38,17636414
Burkina Faso,BFA,2014,0.408,38,18169844
Burkina Faso,BFA,2015,0.418,38,18718022
Burkina Faso,BFA,2016,0.427,42,19275504
Burkina Faso,BFA,2017,0.438,42,19835860
Burkina Faso,BFA,2018,0.449,41,20392730
Burundi,BDI,2012,0.416,19,9795479
Burundi,BDI,2013,0.421,21,10149583
Burundi,BDI,2014,0.426,20,10494920
Burundi,BDI,2015,0.428,21,10727153
Burundi,BDI,2016,0.43,20,10903329
Burundi,BDI,2017,0.428,22,11155592
Burundi,BDI,2018,0.428,17,11493476
Cambodia,KHM,2012,0.555,22,14786650
Cambodia,KHM,2013,0.562,20,14999691
Cambodia,KHM,2014,0.569,21,15210817
Cambodia,KHM,2015,0.574,21,15417527
Cambodia,KHM,2016,0.581,21,15624586
Cambodia,KHM,2017,0.586,21,15830694
Cambodia,KHM,2018,0.591,20,16025242
Cameroon,CMR,2012,0.533,26,21032684
Cameroon,CMR,2013,0.542,25,21632852
Cameroon,CMR,2014,0.551,27,22299590
Cameroon,CMR,2015,0.56,27,23012650
Cameroon,CMR,2016,0.564,26,23711626
Cameroon,CMR,2017,0.571,25,24393182
Cameroon,CMR,2018,0.577,25,25076752
Canada,CAN,2012,0.921,84,34691876
Canada,CAN,2013,0.923,81,35063696
Canada,CAN,2014,0.925,81,35404616
Canada,CAN,2015,0.926,83,35732120
Canada,CAN,2016,0.928,82,36113532
Canada,CAN,2017,0.931,82,36554344
Canada,CAN,2018,0.933,81,37035260
Cape Verde,CPV,2012,0.656,60,533877
Cape Verde,CPV,2013,0.666,58,539949
Cape Verde,CPV,2014,0.667,57,546083
Cape Verde,CPV,2015,0.663,55,552169
Cape Verde,CPV,2016,0.67,59,558399
Cape Verde,CPV,2017,0.675,55,564959
Cape Verde,CPV,2018,0.673,57,571209
Central African Republic,CAF,2012,0.388,26,4773306
Central African Republic,CAF,2013,0.368,25,4802437
Central African Republic,CAF,2014,0.37,24,4798739
Central African Republic,CAF,2015,0.384,24,4819341
Central African Republic,CAF,2016,0.391,20,4904182
Central African Republic,CAF,2017,0.398,23,4996741
Central African Republic,CAF,2018,0.405,26,5094795
Chad,TCD,2012,0.381,19,12754912
Chad,TCD,2013,0.386,19,13216769
Chad,TCD,2014,0.393,22,13697128
Chad,TCD,2015,0.389,22,14140277
Chad,TCD,2016,0.391,20,14592587
Chad,TCD,2017,0.393,20,15085893
Chad,TCD,2018,0.398,19,15604213
Chile,CHL,2012,0.824,72,17341770
Chile,CHL,2013,0.836,71,17509926
Chile,CHL,2014,0.841,73,17687108
Chile,CHL,2015,0.846,70,17870122
Chile,CHL,2016,0.85,66,18083880
Chile,CHL,2017,0.853,67,18368582
Chile,CHL,2018,0.856,67,18701452
China,CHN,2012,0.709,39,1366560768
China,CHN,2013,0.717,40,1376100352
China,CHN,2014,0.725,36,1385189632
China,CHN,2015,0.733,37,1393715456
China,CHN,2016,0.74,40,1401889664
China,CHN,2017,0.747,41,1410275968
China,CHN,2018,0.755,39,1417069440
Colombia,COL,2012,0.734,36,45782420
Colombia,COL,2013,0.746,36,46237928
Colombia,COL,2014,0.75,37,46677944
Colombia,COL,2015,0.754,37,47119728
Colombia,COL,2016,0.759,37,47625960
Colombia,COL,2017,0.761,37,48351668
Colombia,COL,2018,0.763,36,49276968
Comoros,COM,2012,0.533,28,684564
Comoros,COM,2013,0.539,28,699397
Comoros,COM,2014,0.54,26,714617
Comoros,COM,2015,0.544,26,730221
Comoros,COM,2016,0.548,24,746239
Comoros,COM,2017,0.553,27,761672
Comoros,COM,2018,0.557,27,776322
Congo,COG,2012,0.575,26,4713260
Congo,COG,2013,0.58,22,4828073
Congo,COG,2014,0.589,23,4944865
Congo,COG,2015,0.59,23,5064390
Congo,COG,2016,0.586,20,5186830
Congo,COG,2017,0.58,21,5312347
Congo,COG,2018,0.578,19,5441061
Costa Rica,CRI,2012,0.786,54,4736593
Costa Rica,CRI,2013,0.792,53,4791541
Costa Rica,CRI,2014,0.796,54,4844293
Costa Rica,CRI,2015,0.798,55,4895241
Costa Rica,CRI,2016,0.803,58,4945205
Costa Rica,CRI,2017,0.807,59,4993849
Costa Rica,CRI,2018,0.811,56,5040738
Cote d'Ivoire,CIV,2012,0.477,29,22010708
Cote d'Ivoire,CIV,2013,0.483,27,22469272
Cote d'Ivoire,CIV,2014,0.502,32,22995554
Cote d'Ivoire,CIV,2015,0.513,32,23596738
Cote d'Ivoire,CIV,2016,0.524,34,24213620
Cote d'Ivoire,CIV,2017,0.534,36,24848024
Cote d'Ivoire,CIV,2018,0.542,35,25493990
Croatia,HRV,2012,0.83,46,4331592
Croatia,HRV,2013,0.838,48,4308854
Croatia,HRV,2014,0.841,48,4283968
Croatia,HRV,2015,0.843,51,4254821
Croatia,HRV,2016,0.848,49,4223748
Croatia,HRV,2017,0.852,49,4192468
Croatia,HRV,2018,0.856,48,4160488
Cuba,CUB,2012,0.773,48,11309292
Cuba,CUB,2013,0.769,46,11321583
Cuba,CUB,2014,0.771,46,11332030
Cuba,CUB,2015,0.773,47,11339888
Cuba,CUB,2016,0.774,47,11342012
Cuba,CUB,2017,0.779,47,11336405
Cuba,CUB,2018,0.783,47,11328243
Cyprus,CYP,2012,0.86,66,1156556
Cyprus,CYP,2013,0.861,63,1166972
Cyprus,CYP,2014,0.865,63,1176997
Cyprus,CYP,2015,0.871,61,1187286
Cyprus,CYP,2016,0.877,55,1197889
Cyprus,CYP,2017,0.887,57,1208527
Cyprus,CYP,2018,0.892,59,1218834
Czechia,CZE,2012,0.874,49,10511065
Czechia,CZE,2013,0.881,48,10514547
Czechia,CZE,2014,0.887,51,10517178
Czechia,CZE,2015,0.891,56,10523801
Czechia,CZE,2016,0.895,55,10527584
Czechia,CZE,2017,0.897,57,10531315
Czechia,CZE,2018,0.894,59,10534598
Democratic Republic of Congo,COD,2012,0.44,21,70997872
Democratic Republic of Congo,COD,2013,0.446,22,73460032
Democratic Republic of Congo,COD,2014,0.455,22,76035592
Democratic Republic of Congo,COD,2015,0.463,22,78656904
Democratic Republic of Congo,COD,2016,0.472,21,81430976
Democratic Republic of Congo,COD,2017,0.475,21,84283272
Democratic Republic of Congo,COD,2018,0.48,20,87087352
Denmark,DNK,2012,0.931,90,5600955
Denmark,DNK,2013,0.933,91,5625393
Denmark,DNK,2014,0.932,92,5650654
Denmark,DNK,2015,0.936,91,5677795
Denmark,DNK,2016,0.943,90,5706856
Denmark,DNK,2017,0.944,88,5737286
Denmark,DNK,2018,0.942,88,5766689
Djibouti,DJI,2012,0.478,36,954311
Djibouti,DJI,2013,0.483,36,971761
Djibouti,DJI,2014,0.488,34,989091
Djibouti,DJI,2015,0.493,34,1006266
Djibouti,DJI,2016,0.496,30,1023269
Djibouti,DJI,2017,0.499,31,1040242
Djibouti,DJI,2018,0.506,31,1057204
Dominica,DMA,2012,0.706,58,68908
Dominica,DMA,2013,0.699,58,68839
Dominica,DMA,2014,0.705,58,69388
Dominica,DMA,2016,0.709,59,70098
Dominica,DMA,2017,0.692,57,70422
Dominica,DMA,2018,0.726,57,70840
Dominican Republic,DOM,2012,0.718,32,10030885
Dominican Republic,DOM,2013,0.722,29,10157054
Dominican Republic,DOM,2014,0.728,32,10282116
Dominican Republic,DOM,2015,0.736,33,10405832
Dominican Republic,DOM,2016,0.755,31,10527589
Dominican Republic,DOM,2017,0.757,29,10647247
Dominican Republic,DOM,2018,0.764,30,10765532
Ecuador,ECU,2012,0.751,32,15483884
Ecuador,ECU,2013,0.755,35,15722988
Ecuador,ECU,2014,0.76,33,15957995
Ecuador,ECU,2015,0.765,32,16195904
Ecuador,ECU,2016,0.762,31,16439588
Ecuador,ECU,2017,0.762,32,16696947
Ecuador,ECU,2018,0.762,34,17015672
Egypt,EGY,2012,0.688,32,91240384
Egypt,EGY,2013,0.694,32,93377896
Egypt,EGY,2014,0.699,37,95592328
Egypt,EGY,2015,0.706,36,97723792
Egypt,EGY,2016,0.713,34,99784032
Egypt,EGY,2017,0.721,32,101789384
Egypt,EGY,2018,0.729,35,103740768
El Salvador,SLV,2012,0.664,38,6161293
El Salvador,SLV,2013,0.667,38,6185641
El Salvador,SLV,2014,0.666,39,6209528
El Salvador,SLV,2015,0.668,39,6231072
El Salvador,SLV,2016,0.671,36,6250513
El Salvador,SLV,2017,0.674,33,6266661
El Salvador,SLV,2018,0.68,35,6276340
Equatorial Guinea,GNQ,2012,0.592,20,1193641
Equatorial Guinea,GNQ,2013,0.594,19,1243947
Equatorial Guinea,GNQ,2017,0.601,17,1450703
Equatorial Guinea,GNQ,2018,0.601,16,1502102
Eritrea,ERI,2012,0.486,25,3252600
Eritrea,ERI,2013,0.483,20,3296370
Eritrea,ERI,2014,0.502,18,3323429
Eritrea,ERI,2015,0.483,18,3340005
Eritrea,ERI,2016,0.488,18,3365288
Eritrea,ERI,2017,0.484,20,3396933
Eritrea,ERI,2018,0.493,24,3445380
Estonia,EST,2012,0.874,64,1322682
Estonia,EST,2013,0.88,68,1317985
Estonia,EST,2014,0.879,69,1314531
Estonia,EST,2015,0.882,70,1314658
Estonia,EST,2016,0.885,70,1315928
Estonia,EST,2017,0.887,71,1317550
Estonia,EST,2018,0.891,73,1322146
Eswatini,SWZ,2012,0.531,37,1111453
Eswatini,SWZ,2013,0.546,39,1118329
Eswatini,SWZ,2014,0.559,43,1125872
Eswatini,SWZ,2017,0.596,39,1151397
Eswatini,SWZ,2018,0.607,38,1160430
Ethiopia,ETH,2012,0.43,33,94451280
Ethiopia,ETH,2013,0.441,33,97084376
Ethiopia,ETH,2014,0.45,33,99746768
Ethiopia,ETH,2015,0.46,33,102471896
Ethiopia,ETH,2016,0.47,34,105293232
Ethiopia,ETH,2017,0.48,35,108197944
Ethiopia,ETH,2018,0.489,34,111129440
Finland,FIN,2012,0.915,90,5413865
Finland,FIN,2013,0.926,89,5438873
Finland,FIN,2014,0.927,89,5461436
Finland,FIN,2015,0.93,90,5479457
Finland,FIN,2016,0.931,89,5495217
Finland,FIN,2017,0.934,85,5508146
Finland,FIN,2018,0.936,85,5515465
France,FRA,2012,0.882,71,63071412
France,FRA,2013,0.887,71,63335180
France,FRA,2014,0.892,69,63588496
France,FRA,2015,0.892,70,63809768
France,FRA,2016,0.895,69,63989320
France,FRA,2017,0.898,70,64144092
France,FRA,2018,0.901,72,64277812
Gabon,GAB,2012,0.679,35,1836711
Gabon,GAB,2013,0.685,34,1902230
Gabon,GAB,2014,0.694,37,1966858
Gabon,GAB,2015,0.699,34,2028524
Gabon,GAB,2016,0.702,35,2086210
Gabon,GAB,2017,0.706,32,2140225
Gabon,GAB,2018,0.706,31,2192013
Gambia,GMB,2012,0.467,34,2061020
Gambia,GMB,2013,0.471,28,2124876
Gambia,GMB,2014,0.473,29,2189023
Gambia,GMB,2015,0.478,28,2253137
Gambia,GMB,2016,0.484,26,2317212
Gambia,GMB,2017,0.489,30,2381189
Gambia,GMB,2018,0.495,37,2444916
Georgia,GEO,2012,0.773,52,3804358
Georgia,GEO,2013,0.777,49,3786025
Georgia,GEO,2014,0.784,52,3774232
Georgia,GEO,2015,0.79,52,3771135
Georgia,GEO,2016,0.794,57,3771112
Georgia,GEO,2017,0.8,56,3771904
Georgia,GEO,2018,0.804,58,3772323
Germany,DEU,2012,0.933,79,81545568
Germany,DEU,2013,0.934,78,81680592
Germany,DEU,2014,0.937,79,81858824
Germany,DEU,2015,0.938,81,82073232
Germany,DEU,2016,0.941,81,82331432
Germany,DEU,2017,0.944,81,82624368
Germany,DEU,2018,0.945,80,82896696
Ghana,GHA,2012,0.592,45,26858760
Ghana,GHA,2013,0.6,46,27525586
Ghana,GHA,2014,0.6,48,28196356
Ghana,GHA,2015,0.607,47,28870946
Ghana,GHA,2016,0.611,43,29554298
Ghana,GHA,2017,0.616,40,30222266
Ghana,GHA,2018,0.62,41,30870648
Greece,GRC,2012,0.866,36,10963633
Greece,GRC,2013,0.871,40,10914501
Greece,GRC,2014,0.879,43,10862972
Greece,GRC,2015,0.88,46,10806644
Greece,GRC,2016,0.877,44,10749742
Greece,GRC,2017,0.88,48,10692230
Greece,GRC,2018,0.886,45,10633275
Grenada,GRD,2016,0.791,56,119973
Grenada,GRD,2017,0.794,52,120934
Grenada,GRD,2018,0.797,52,121853
Guatemala,GTM,2012,0.616,33,15128307
Guatemala,GTM,2013,0.62,29,15422663
Guatemala,GTM,2014,0.637,32,15713744
Guatemala,GTM,2015,0.639,28,16001105
Guatemala,GTM,2016,0.639,28,16291004
Guatemala,GTM,2017,0.64,28,16578718
Guatemala,GTM,2018,0.64,27,16850176
Guinea,GIN,2012,0.425,24,10788696
Guinea,GIN,2013,0.429,24,11055433
Guinea,GIN,2014,0.435,25,11333362
Guinea,GIN,2015,0.44,25,11626003
Guinea,GIN,2016,0.45,27,11930991
Guinea,GIN,2017,0.458,27,12240791
Guinea,GIN,2018,0.462,28,12554871
Guinea-Bissau,GNB,2012,0.456,25,1652720
Guinea-Bissau,GNB,2013,0.46,19,1697757
Guinea-Bissau,GNB,2014,0.466,19,1743318
Guinea-Bissau,GNB,2015,0.472,17,1788931
Guinea-Bissau,GNB,2016,0.478,16,1834554
Guinea-Bissau,GNB,2017,0.481,17,1879835
Guinea-Bissau,GNB,2018,0.482,16,1924954
Guyana,GUY,2012,0.669,28,743970
Guyana,GUY,2013,0.673,27,747424
Guyana,GUY,2014,0.681,30,751126
Guyana,GUY,2015,0.684,29,755043
Guyana,GUY,2016,0.691,34,759097
Guyana,GUY,2017,0.695,38,763265
Guyana,GUY,2018,0.701,37,785518
Haiti,HTI,2012,0.517,19,10108541
Haiti,HTI,2013,0.521,19,10261205
Haiti,HTI,2014,0.525,19,10412741
Haiti,HTI,2015,0.529,17,10563762
Haiti,HTI,2016,0.532,20,10713845
Haiti,HTI,2017,0.539,22,10863546
Haiti,HTI,2018,0.541,20,11012427
Honduras,HND,2012,0.599,28,8792370
Honduras,HND,2013,0.603,26,8960654
Honduras,HND,2014,0.606,29,9127851
Honduras,HND,2015,0.613,31,9294510
Honduras,HND,2016,0.618,30,9460798
Honduras,HND,2017,0.617,29,9626845
Honduras,HND,2018,0.617,29,9792854
Hong Kong,HKG,2012,0.918,77,7234062
Hong Kong,HKG,2013,0.924,75,7296820
Hong Kong,HKG,2014,0.93,74,7352180
Hong Kong,HKG,2015,0.935,75,7399845
Hong Kong,HKG,2016,0.938,77,7435925
Hong Kong,HKG,2017,0.944,77,7461508
Hong Kong,HKG,2018,0.949,76,7481563
Hungary,HUN,2012,0.831,55,9922133
Hungary,HUN,2013,0.84,54,9894637
Hungary,HUN,2014,0.838,54,9867906
Hungary,HUN,2015,0.838,51,9844250
Hungary,HUN,2016,0.843,48,9815106
Hungary,HUN,2017,0.845,45,9788940
Hungary,HUN,2018,0.849,46,9776361
Iceland,ISL,2012,0.921,82,320988
Iceland,ISL,2013,0.929,78,324036
Iceland,ISL,2014,0.938,79,327650
Iceland,ISL,2015,0.945,79,331068
Iceland,ISL,2016,0.948,78,335677
Iceland,ISL,2017,0.954,77,343641
Iceland,ISL,2018,0.959,76,352951
India,IND,2012,0.598,36,1274487168
India,IND,2013,0.607,36,1291132032
India,IND,2014,0.619,38,1307246464
India,IND,2015,0.629,38,1322866560
India,IND,2016,0.639,40,1338636288
India,IND,2017,0.644,40,1354195712
India,IND,2018,0.645,41,1369003264
Indonesia,IDN,2012,0.678,32,250222688
Indonesia,IDN,2013,0.683,32,253275920
Indonesia,IDN,2014,0.687,34,256229760
Indonesia,IDN,2015,0.695,36,259091968
Indonesia,IDN,2016,0.699,37,261850176
Indonesia,IDN,2017,0.704,37,264498848
Indonesia,IDN,2018,0.71,38,267066848
Iran,IRN,2012,0.768,28,77324448
Iran,IRN,2013,0.769,25,78458928
Iran,IRN,2014,0.773,27,79961672
Iran,IRN,2015,0.776,27,81790848
Iran,IRN,2016,0.786,29,83306232
Iran,IRN,2017,0.789,30,84505080
Iran,IRN,2018,0.787,28,85617560
Iraq,IRQ,2012,0.66,18,33864452
Iraq,IRQ,2013,0.667,16,35481804
Iraq,IRQ,2014,0.67,16,36746484
Iraq,IRQ,2015,0.675,16,37757812
Iraq,IRQ,2016,0.679,17,38697940
Iraq,IRQ,2017,0.685,18,39621156
Iraq,IRQ,2018,0.692,18,40590700
Ireland,IRL,2012,0.903,69,4564550
Ireland,IRL,2013,0.908,72,4588830
Ireland,IRL,2014,0.914,74,4622165
Ireland,IRL,2015,0.925,75,4665764
Ireland,IRL,2016,0.929,73,4715791
Ireland,IRL,2017,0.934,74,4771860
Ireland,IRL,2018,0.937,73,4834506
Israel,ISR,2012,0.898,60,7592099
Israel,ISR,2013,0.904,61,7726675
Israel,ISR,2014,0.908,60,7863849
Israel,ISR,2015,0.909,61,8007777
Israel,ISR,2016,0.913,64,8159015
Israel,ISR,2017,0.917,62,8309256
Israel,ISR,2018,0.919,61,8456487
Italy,ITA,2012,0.883,42,60190152
Italy,ITA,2013,0.882,43,60312600
Italy,ITA,2014,0.883,43,60322792
Italy,ITA,2015,0.882,44,60232908
Italy,ITA,2016,0.887,47,60118628
Italy,ITA,2017,0.888,50,60004024
Italy,ITA,2018,0.893,52,59877432
Jamaica,JAM,2012,0.713,38,2759819
Jamaica,JAM,2013,0.714,38,2773134
Jamaica,JAM,2014,0.714,38,2784542
Jamaica,JAM,2015,0.713,41,2794455
Jamaica,JAM,2016,0.712,39,2802699
Jamaica,JAM,2017,0.715,44,2808388
Jamaica,JAM,2018,0.716,44,2811842
Japan,JPN,2012,0.905,74,127853688
Japan,JPN,2013,0.91,74,127678920
Japan,JPN,2014,0.914,76,127476728
Japan,JPN,2015,0.918,75,127250936
Japan,JPN,2016,0.921,72,126993856
Japan,JPN,2017,0.922,73,126662464
Japan,JPN,2018,0.923,73,126255872
Jordan,JOR,2012,0.721,48,7211866
Jordan,JOR,2013,0.719,45,7694818
Jordan,JOR,2014,0.719,49,8658030
Jordan,JOR,2015,0.718,53,9494250
Jordan,JOR,2016,0.718,48,9964659
Jordan,JOR,2017,0.718,48,10215384
Jordan,JOR,2018,0.723,49,10459864
Kazakhstan,KAZ,2012,0.783,28,17102868
Kazakhstan,KAZ,2013,0.792,26,17345734
Kazakhstan,KAZ,2014,0.799,29,17592296
Kazakhstan,KAZ,2015,0.805,28,17835908
Kazakhstan,KAZ,2016,0.805,29,18078558
Kazakhstan,KAZ,2017,0.811,31,18314822
Kazakhstan,KAZ,2018,0.814,31,18538100
Kenya,KEN,2012,0.552,27,43725808
Kenya,KEN,2013,0.554,27,44792368
Kenya,KEN,2014,0.558,25,45831860
Kenya,KEN,2015,0.561,25,46851496
Kenya,KEN,2016,0.569,26,47894668
Kenya,KEN,2017,0.572,28,48948140
Kenya,KEN,2018,0.577,27,49953300
Kuwait,KWT,2012,0.826,44,3394668
Kuwait,KWT,2013,0.819,43,3646520
Kuwait,KWT,2014,0.823,44,3761590
Kuwait,KWT,2015,0.83,49,3908745
Kuwait,KWT,2016,0.833,41,4048090
Kuwait,KWT,2017,0.835,39,4124904
Kuwait,KWT,2018,0.836,41,4317190
Kyrgyzstan,KGZ,2012,0.675,24,5631955
Kyrgyzstan,KGZ,2013,0.682,24,5719561
Kyrgyzstan,KGZ,2014,0.688,27,5814426
Kyrgyzstan,KGZ,2015,0.69,28,5914985
Kyrgyzstan,KGZ,2016,0.693,28,6018303
Kyrgyzstan,KGZ,2017,0.696,29,6121266
Kyrgyzstan,KGZ,2018,0.698,29,6223503
Laos,LAO,2012,0.572,21,6508806
Laos,LAO,2013,0.582,26,6600736
Laos,LAO,2014,0.592,25,6691467
Laos,LAO,2015,0.599,25,6787420
Laos,LAO,2016,0.604,30,6891366
Laos,LAO,2017,0.607,29,6997925
Laos,LAO,2018,0.607,29,7105008
Latvia,LVA,2012,0.833,49,2053635
Latvia,LVA,2013,0.843,53,2031491
Latvia,LVA,2014,0.846,55,2011040
Latvia,LVA,2015,0.85,56,1991951
Latvia,LVA,2016,0.855,57,1973477
Latvia,LVA,2017,0.86,58,1954861
Latvia,LVA,2018,0.866,58,1935632
Lebanon,LBN,2012,0.762,30,5178338
Lebanon,LBN,2013,0.759,28,5678859
Lebanon,LBN,2014,0.75,27,6274345
Lebanon,LBN,2015,0.746,28,6398941
Lebanon,LBN,2016,0.743,28,6258628
Lebanon,LBN,2017,0.75,28,6109255
Lebanon,LBN,2018,0.75,28,5950842
Lesotho,LSO,2012,0.486,45,2054722
Lesotho,LSO,2013,0.49,49,2073948
Lesotho,LSO,2014,0.496,49,2095251
Lesotho,LSO,2015,0.503,44,2118532
Lesotho,LSO,2016,0.514,39,2143876
Lesotho,LSO,2017,0.518,42,2170622
Lesotho,LSO,2018,0.522,41,2198030
Liberia,LBR,2012,0.47,41,4331749
Liberia,LBR,2013,0.475,38,4427319
Liberia,LBR,2014,0.472,37,4519410
Liberia,LBR,2015,0.473,37,4612330
Liberia,LBR,2016,0.478,37,4706106
Liberia,LBR,2017,0.481,31,4796632
Liberia,LBR,2018,0.483,32,4889396
Libya,LBY,2012,0.726,21,5869880
Libya,LBY,2013,0.716,15,5985228
Libya,LBY,2014,0.699,18,6097767
Libya,LBY,2015,0.699,16,6192241
Libya,LBY,2016,0.696,14,6282202
Libya,LBY,2017,0.714,17,6378267
Libya,LBY,2018,0.722,17,6477791
Lithuania,LTU,2012,0.851,54,3063340
Lithuania,LTU,2013,0.854,57,3028191
Lithuania,LTU,2014,0.861,58,2994928
Lithuania,LTU,2015,0.862,59,2963764
Lithuania,LTU,2016,0.868,59,2933676
Lithuania,LTU,2017,0.876,59,2904452
Lithuania,LTU,2018,0.88,59,2876128
Luxembourg,LUX,2012,0.916,80,530596
Luxembourg,LUX,2013,0.921,80,543068
Luxembourg,LUX,2014,0.926,82,556075
Luxembourg,LUX,2015,0.915,85,569415
Luxembourg,LUX,2016,0.923,81,583355
Luxembourg,LUX,2017,0.919,82,596290
Luxembourg,LUX,2018,0.922,81,607920
Madagascar,MDG,2012,0.496,32,22966242
Madagascar,MDG,2013,0.499,28,23588078
Madagascar,MDG,2014,0.502,28,24215980
Madagascar,MDG,2015,0.504,28,24850912
Madagascar,MDG,2016,0.505,26,25501944
Madagascar,MDG,2017,0.507,24,26169540
Madagascar,MDG,2018,0.507,25,26846544
Malawi,MWI,2012,0.47,37,15581250
Malawi,MWI,2013,0.478,37,16024775
Malawi,MWI,2014,0.487,33,16477972
Malawi,MWI,2015,0.491,31,16938944
Malawi,MWI,2016,0.498,31,17405624
Malawi,MWI,2017,0.505,31,17881172
Malawi,MWI,2018,0.51,32,18367886
Malaysia,MYS,2012,0.78,49,29660216
Malaysia,MYS,2013,0.785,50,30134806
Malaysia,MYS,2014,0.792,52,30606454
Malaysia,MYS,2015,0.797,50,31068834
Malaysia,MYS,2016,0.803,49,31526414
Malaysia,MYS,2017,0.805,47,31975812
Malaysia,MYS,2018,0.807,47,32399270
Maldives,MDV,2016,0.741,36,454263
Maldives,MDV,2017,0.746,33,472449
Maldives,MDV,2018,0.75,31,489773
Mali,MLI,2012,0.407,34,16514689
Mali,MLI,2013,0.407,28,17004038
Mali,MLI,2014,0.415,32,17551824
Mali,MLI,2015,0.416,35,18112910
Mali,MLI,2016,0.421,32,18700108
Mali,MLI,2017,0.426,31,19311356
Mali,MLI,2018,0.43,32,19934304
Malta,MLT,2012,0.864,57,429912
Malta,MLT,2013,0.872,56,437531
Malta,MLT,2014,0.881,55,446449
Malta,MLT,2015,0.889,60,456585
Malta,MLT,2016,0.891,55,467717
Malta,MLT,2017,0.901,56,479507
Malta,MLT,2018,0.91,54,491590
Mauritania,MRT,2012,0.523,31,3636122
Mauritania,MRT,2013,0.531,30,3742965
Mauritania,MRT,2014,0.537,30,3843181
Mauritania,MRT,2015,0.544,31,3946225
Mauritania,MRT,2016,0.541,27,4051896
Mauritania,MRT,2017,0.545,28,4160018
Mauritania,MRT,2018,0.556,27,4270717
Mauritius,MUS,2012,0.775,57,1288753
Mauritius,MUS,2013,0.782,52,1290698
Mauritius,MUS,2014,0.793,54,1292112
Mauritius,MUS,2015,0.795,53,1293159
Mauritius,MUS,2016,0.801,54,1293909
Mauritius,MUS,2017,0.805,50,1294743
Mauritius,MUS,2018,0.811,51,1295386
Mexico,MEX,2012,0.76,34,115755912
Mexico,MEX,2013,0.76,34,117290680
Mexico,MEX,2014,0.764,35,118755888
Mexico,MEX,2015,0.768,31,120149896
Mexico,MEX,2016,0.772,30,121519224
Mexico,MEX,2017,0.775,29,122839256
Mexico,MEX,2018,0.777,28,124013864
Moldova,MDA,2012,0.741,36,3507197
Moldova,MDA,2013,0.746,35,3416532
Moldova,MDA,2014,0.75,35,3338338
Moldova,MDA,2015,0.749,33,3277390
Moldova,MDA,2016,0.756,30,3225125
Moldova,MDA,2017,0.765,31,3180515
Moldova,MDA,2018,0.768,33,3141839
Mongolia,MNG,2012,0.718,36,2792354
Mongolia,MNG,2013,0.726,38,2845160
Mongolia,MNG,2014,0.729,39,2902826
Mongolia,MNG,2015,0.732,39,2964756
Mongolia,MNG,2016,0.733,38,3029559
Mongolia,MNG,2017,0.732,36,3096033
Mongolia,MNG,2018,0.743,37,3163994
Montenegro,MNE,2012,0.812,41,633053
Montenegro,MNE,2013,0.817,44,633951
Montenegro,MNE,2014,0.819,42,634301
Montenegro,MNE,2015,0.822,44,633969
Montenegro,MNE,2016,0.824,45,633264
Montenegro,MNE,2017,0.83,46,632445
Montenegro,MNE,2018,0.834,45,631459
Morocco,MAR,2012,0.624,37,33352166
Morocco,MAR,2013,0.635,37,33803528
Morocco,MAR,2014,0.644,39,34248608
Morocco,MAR,2015,0.654,36,34680456
Morocco,MAR,2016,0.661,37,35107272
Morocco,MAR,2017,0.67,40,35528116
Morocco,MAR,2018,0.676,43,35927516
Mozambique,MOZ,2012,0.413,31,24487614
Mozambique,MOZ,2013,0.427,30,25251738
Mozambique,MOZ,2014,0.433,31,26038704
Mozambique,MOZ,2015,0.44,31,26843252
Mozambique,MOZ,2016,0.443,27,27696500
Mozambique,MOZ,2017,0.445,25,28569448
Mozambique,MOZ,2018,0.451,23,29423882
Myanmar,MMR,2012,0.531,15,50218196
Myanmar,MMR,2013,0.543,21,50648336
Myanmar,MMR,2014,0.553,21,51072436
Myanmar,MMR,2015,0.562,22,51483956
Myanmar,MMR,2016,0.572,28,51892352
Myanmar,MMR,2017,0.58,30,52288344
Myanmar,MMR,2018,0.59,29,52666016
Namibia,NAM,2012,0.601,48,2167474
Namibia,NAM,2013,0.611,48,2204517
Namibia,NAM,2014,0.621,49,2243008
Namibia,NAM,2015,0.628,53,2282709
Namibia,NAM,2016,0.632,52,2323351
Namibia,NAM,2017,0.635,51,2364540
Namibia,NAM,2018,0.636,53,2405682
Nepal,NPL,2012,0.561,27,27330696
Nepal,NPL,2013,0.57,31,27381558
Nepal,NPL,2014,0.576,29,27462110
Nepal,NPL,2015,0.579,27,27610328
Nepal,NPL,2016,0.586,29,27861186
Nepal,NPL,2017,0.594,31,28183424
Nepal,NPL,2018,0.601,31,28506718
Netherlands,NLD,2012,0.927,84,16785296
Netherlands,NLD,2013,0.929,83,16867352
Netherlands,NLD,2014,0.931,83,16954080
Netherlands,NLD,2015,0.932,84,17041110
Netherlands,NLD,2016,0.933,83,17124512
Netherlands,NLD,2017,0.937,82,17207204
Netherlands,NLD,2018,0.939,82,17286042
New Zealand,NZL,2012,0.924,90,4410285
New Zealand,NZL,2013,0.929,91,4450641
New Zealand,NZL,2014,0.93,91,4514198
New Zealand,NZL,2015,0.931,91,4590591
New Zealand,NZL,2016,0.934,90,4668088
New Zealand,NZL,2017,0.935,89,4746253
New Zealand,NZL,2018,0.936,87,4838528
Nicaragua,NIC,2012,0.629,29,6030605
Nicaragua,NIC,2013,0.634,28,6119377
Nicaragua,NIC,2014,0.641,28,6208680
Nicaragua,NIC,2015,0.647,27,6298610
Nicaragua,NIC,2016,0.653,26,6389237
Nicaragua,NIC,2017,0.659,26,6480534
Nicaragua,NIC,2018,0.662,25,6572234
Niger,NER,2012,0.354,33,17954410
Niger,NER,2013,0.362,34,18653204
Niger,NER,2014,0.37,35,19372012
Niger,NER,2015,0.376,34,20128132
Niger,NER,2016,0.383,35,20921748
Niger,NER,2017,0.39,33,21737924
Niger,NER,2018,0.399,34,22577060
Nigeria,NGA,2012,0.499,27,170075936
Nigeria,NGA,2013,0.506,25,174726128
Nigeria,NGA,2014,0.512,27,179379024
Nigeria,NGA,2015,0.516,26,183995776
Nigeria,NGA,2016,0.521,28,188666928
Nigeria,NGA,2017,0.526,27,193495904
Nigeria,NGA,2018,0.531,27,198387616
North Macedonia,MKD,2012,0.743,43,2099486
North Macedonia,MKD,2013,0.75,44,2102220
North Macedonia,MKD,2014,0.755,45,2105293
North Macedonia,MKD,2015,0.762,42,2107965
North Macedonia,MKD,2016,0.767,37,2110194
North Macedonia,MKD,2017,0.773,35,2111982
North Macedonia,MKD,2018,0.779,37,2113497
Norway,NOR,2012,0.946,85,5019058
Norway,NOR,2013,0.949,86,5080667
Norway,NOR,2014,0.952,86,5137926
Norway,NOR,2015,0.953,88,5190357
Norway,NOR,2016,0.955,85,5236591
Norway,NOR,2017,0.959,85,5277396
Norway,NOR,2018,0.962,84,5312321
Oman,OMN,2012,0.802,47,3535585
Oman,OMN,2013,0.809,47,3816688
Oman,OMN,2014,0.814,45,4009272
Oman,OMN,2015,0.823,45,4191784
Oman,OMN,2016,0.833,45,4398080
Oman,OMN,2017,0.831,44,4541853
Oman,OMN,2018,0.834,52,4601160
Pakistan,PAK,2012,0.513,27,202205856
Pakistan,PAK,2013,0.518,28,205337552
Pakistan,PAK,2014,0.527,29,208251632
Pakistan,PAK,2015,0.534,30,210969296
Pakistan,PAK,2016,0.541,32,213524848
Pakistan,PAK,2017,0.543,32,216379648
Pakistan,PAK,2018,0.545,33,219731488
Panama,PAN,2012,0.785,38,3754871
Panama,PAN,2013,0.79,35,3821557
Panama,PAN,2014,0.794,37,3888795
Panama,PAN,2015,0.8,39,3957102
Panama,PAN,2016,0.805,38,4026338
Panama,PAN,2017,0.811,37,4096071
Panama,PAN,2018,0.814,37,4165258
Papua New Guinea,PNG,2012,0.513,25,8026548
Papua New Guinea,PNG,2013,0.518,25,8245634
Papua New Guinea,PNG,2014,0.533,25,8464159
Papua New Guinea,PNG,2015,0.541,25,8682172
Papua New Guinea,PNG,2016,0.547,28,8899176
Papua New Guinea,PNG,2017,0.552,29,9114803
Papua New Guinea,PNG,2018,0.554,28,9329233
Paraguay,PRY,2012,0.702,25,5923327
Paraguay,PRY,2013,0.715,24,6005656
Paraguay,PRY,2014,0.716,24,6090727
Paraguay,PRY,2015,0.723,27,6177954
Paraguay,PRY,2016,0.721,30,6266623
Paraguay,PRY,2017,0.724,29,6355406
Paraguay,PRY,2018,0.727,29,6443337
Peru,PER,2012,0.742,38,29749592
Peru,PER,2013,0.75,38,30038810
Peru,PER,2014,0.755,38,30353956
Peru,PER,2015,0.759,36,30711864
Peru,PER,2016,0.765,35,31132776
Peru,PER,2017,0.77,37,31605488
Peru,PER,2018,0.776,35,32203946
Philippines,PHL,2012,0.685,34,98032320
Philippines,PHL,2013,0.692,36,99700112
Philippines,PHL,2014,0.696,38,101325208
Philippines,PHL,2015,0.698,35,103031360
Philippines,PHL,2016,0.7,35,104875272
Philippines,PHL,2017,0.704,34,106738496
Philippines,PHL,2018,0.71,36,108568832
Poland,POL,2012,0.852,58,38625872
Poland,POL,2013,0.863,60,38607352
Poland,POL,2014,0.865,61,38581880
Poland,POL,2015,0.868,63,38553148
Poland,POL,2016,0.872,62,38532108
Poland,POL,2017,0.875,60,38532816
Poland,POL,2018,0.877,60,38521464
Portugal,PRT,2012,0.836,63,10522085
Portugal,PRT,2013,0.845,62,10464537
Portugal,PRT,2014,0.848,63,10408379
Portugal,PRT,2015,0.85,64,10365436
Portugal,PRT,2016,0.853,62,10332751
Portugal,PRT,2017,0.859,63,10307528
Portugal,PRT,2018,0.86,64,10289833
Qatar,QAT,2012,0.829,68,1905670
Qatar,QAT,2013,0.834,68,2035509
Qatar,QAT,2014,0.839,69,2214471
Qatar,QAT,2015,0.846,71,2414580
Qatar,QAT,2016,0.85,61,2595175
Qatar,QAT,2017,0.849,63,2711764
Qatar,QAT,2018,0.853,62,2766743
Romania,ROU,2012,0.805,44,20137112
Romania,ROU,2013,0.81,43,20066550
Romania,ROU,2014,0.811,43,19995836
Romania,ROU,2015,0.813,46,19906078
Romania,ROU,2016,0.816,48,19797820
Romania,ROU,2017,0.823,48,19698852
Romania,ROU,2018,0.827,47,19606778
Russia,RUS,2012,0.811,28,143629360
Russia,RUS,2013,0.817,28,143956864
Russia,RUS,2014,0.818,27,144285072
Russia,RUS,2015,0.824,29,144668384
Russia,RUS,2016,0.828,29,145109152
Russia,RUS,2017,0.833,29,145452544
Russia,RUS,2018,0.841,28,145652288
Rwanda,RWA,2012,0.506,53,10840331
Rwanda,RWA,2013,0.508,53,11101352
Rwanda,RWA,2014,0.513,49,11368450
Rwanda,RWA,2015,0.515,54,11642963
Rwanda,RWA,2016,0.524,54,11930902
Rwanda,RWA,2017,0.526,55,12230343
Rwanda,RWA,2018,0.528,56,12531810
Saint Lucia,LCA,2012,0.734,71,173139
Saint Lucia,LCA,2013,0.734,71,173992
Saint Lucia,LCA,2014,0.735,71,174814
Saint Lucia,LCA,2016,0.744,60,176429
Saint Lucia,LCA,2017,0.744,55,177175
Saint Lucia,LCA,2018,0.746,55,177894
Saint Vincent and the Grenadines,VCT,2012,0.737,62,108105
Saint Vincent and the Grenadines,VCT,2013,0.743,62,107469
Saint Vincent and the Grenadines,VCT,2014,0.752,62,106934
Saint Vincent and the Grenadines,VCT,2016,0.765,60,105971
Saint Vincent and the Grenadines,VCT,2017,0.774,58,105568
Saint Vincent and the Grenadines,VCT,2018,0.775,58,105297
Sao Tome and Principe,STP,2012,0.562,42,189936
Sao Tome and Principe,STP,2013,0.573,42,193765
Sao Tome and Principe,STP,2014,0.584,42,197511
Sao Tome and Principe,STP,2015,0.596,42,201142
Sao Tome and Principe,STP,2016,0.603,46,204640
Sao Tome and Principe,STP,2017,0.612,46,208050
Sao Tome and Principe,STP,2018,0.617,46,211358
Saudi Arabia,SAU,2012,0.837,44,30821554
Saudi Arabia,SAU,2013,0.845,46,31482502
Saudi Arabia,SAU,2014,0.852,49,32125570
Saudi Arabia,SAU,2015,0.859,52,32749838
Saudi Arabia,SAU,2016,0.864,46,33416272
Saudi Arabia,SAU,2017,0.86,49,34193120
Saudi Arabia,SAU,2018,0.865,49,35018132
Senegal,SEN,2012,0.49,36,13231840
Senegal,SEN,2013,0.496,41,13595571
Senegal,SEN,2014,0.502,43,13970314
Senegal,SEN,2015,0.505,44,14356191
Senegal,SEN,2016,0.507,45,14751356
Senegal,SEN,2017,0.509,45,15157793
Senegal,SEN,2018,0.512,45,15574910
Serbia,SRB,2012,0.78,39,7591357
Serbia,SRB,2013,0.785,42,7566674
Serbia,SRB,2014,0.788,41,7543965
Serbia,SRB,2015,0.794,40,7519501
Serbia,SRB,2016,0.8,42,7493288
Serbia,SRB,2017,0.802,41,7464882
Serbia,SRB,2018,0.808,39,7433825
Seychelles,SYC,2012,0.786,52,95319
Seychelles,SYC,2013,0.787,54,96730
Seychelles,SYC,2014,0.796,55,98016
Seychelles,SYC,2015,0.796,55,99260
Seychelles,SYC,2017,0.796,60,101828
Seychelles,SYC,2018,0.8,66,103120
Sierra Leone,SLE,2012,0.447,31,6788594
Sierra Leone,SLE,2013,0.459,30,6964867
Sierra Leone,SLE,2014,0.461,31,7140700
Sierra Leone,SLE,2015,0.453,29,7314779
Sierra Leone,SLE,2016,0.457,30,7493918
Sierra Leone,SLE,2017,0.466,30,7677570
Sierra Leone,SLE,2018,0.47,30,7861287
Singapore,SGP,2012,0.92,87,5381003
Singapore,SGP,2013,0.923,86,5478063
Singapore,SGP,2014,0.928,84,5570505
Singapore,SGP,2015,0.93,85,5650020
Singapore,SGP,2016,0.934,84,5711936
Singapore,SGP,2017,0.935,84,5764489
Singapore,SGP,2018,0.94,85,5814543
Slovakia,SVK,2012,0.845,46,5409283
Slovakia,SVK,2013,0.848,47,5414744
Slovakia,SVK,2014,0.849,50,5419572
Slovakia,SVK,2015,0.851,51,5424449
Slovakia,SVK,2016,0.854,51,5431205
Slovakia,SVK,2017,0.856,50,5439418
Slovakia,SVK,2018,0.859,50,5446746
Slovenia,SVN,2012,0.891,61,2069365
Slovenia,SVN,2013,0.9,57,2072374
Slovenia,SVN,2014,0.902,58,2074923
Slovenia,SVN,2015,0.903,60,2080865
Slovenia,SVN,2016,0.91,61,2090020
Slovenia,SVN,2017,0.913,61,2098396
Slovenia,SVN,2018,0.917,60,2105931
Solomon Islands,SLB,2016,0.56,42,628110
Solomon Islands,SLB,2017,0.564,39,643641
Solomon Islands,SLB,2018,0.566,44,659259
South Africa,ZAF,2012,0.696,43,53145036
South Africa,ZAF,2013,0.704,42,53873608
South Africa,ZAF,2014,0.712,44,54729556
South Africa,ZAF,2015,0.716,44,55876504
South Africa,ZAF,2016,0.719,45,56422272
South Africa,ZAF,2017,0.72,43,56641208
South Africa,ZAF,2018,0.726,43,57339632
South Korea,KOR,2012,0.897,56,49634188
South Korea,KOR,2013,0.901,55,50098228
South Korea,KOR,2014,0.906,55,50558044
South Korea,KOR,2015,0.909,54,50994396
South Korea,KOR,2016,0.912,53,51309984
South Korea,KOR,2017,0.916,54,51511640
South Korea,KOR,2018,0.919,57,51676900
South Sudan,SSD,2013,0.411,14,11106037
South Sudan,SSD,2014,0.41,15,11213286
South Sudan,SSD,2015,0.412,15,11194300
South Sudan,SSD,2016,0.402,11,11066116
South Sudan,SSD,2017,0.395,12,10658230
South Sudan,SSD,2018,0.395,13,10395332
Spain,ESP,2012,0.874,65,46756084
Spain,ESP,2013,0.88,59,46603460
Spain,ESP,2014,0.884,60,46464548
Spain,ESP,2015,0.889,58,46431344
Spain,ESP,2016,0.895,58,46473320
Spain,ESP,2017,0.897,57,46584168
Spain,ESP,2018,0.901,58,46792044
Sri Lanka,LKA,2012,0.751,40,21017150
Sri Lanka,LKA,2013,0.756,37,21131762
Sri Lanka,LKA,2014,0.76,38,21239448
Sri Lanka,LKA,2015,0.764,37,21336692
Sri Lanka,LKA,2016,0.767,36,21425494
Sri Lanka,LKA,2017,0.771,38,21506816
Sri Lanka,LKA,2018,0.776,38,21580712
Sudan,SDN,2012,0.493,13,35159792
Sudan,SDN,2013,0.497,11,35990708
Sudan,SDN,2014,0.504,11,37003248
Sudan,SDN,2015,0.508,12,38171172
Sudan,SDN,2016,0.511,14,39377168
Sudan,SDN,2017,0.514,16,40679820
Sudan,SDN,2018,0.514,16,41999064
Suriname,SUR,2012,0.731,37,558111
Suriname,SUR,2013,0.734,36,563952
Suriname,SUR,2014,0.736,36,569687
Suriname,SUR,2015,0.744,36,575478
Suriname,SUR,2016,0.747,45,581462
Suriname,SUR,2017,0.75,41,587566
Suriname,SUR,2018,0.755,43,593729
Sweden,SWE,2012,0.911,88,9555984
Sweden,SWE,2013,0.932,89,9648935
Sweden,SWE,2014,0.935,87,9747507
Sweden,SWE,2015,0.937,89,9849344
Sweden,SWE,2016,0.939,88,9953322
Sweden,SWE,2017,0.941,84,10058191
Sweden,SWE,2018,0.942,85,10162300
Switzerland,CHE,2012,0.945,86,7995738
Switzerland,CHE,2013,0.948,85,8088370
Switzerland,CHE,2014,0.952,86,8187792
Switzerland,CHE,2015,0.954,86,8281735
Switzerland,CHE,2016,0.956,86,8372902
Switzerland,CHE,2017,0.957,85,8451688
Switzerland,CHE,2018,0.959,85,8514431
Syria,SYR,2012,0.65,26,22605582
Syria,SYR,2013,0.573,17,21495830
Syria,SYR,2014,0.553,20,20072232
Syria,SYR,2015,0.556,18,19205178
Syria,SYR,2016,0.56,13,18964252
Syria,SYR,2017,0.572,14,18983370
Syria,SYR,2018,0.58,13,19333464
Tajikistan,TJK,2012,0.643,22,7956383
Tajikistan,TJK,2013,0.656,22,8136612
Tajikistan,TJK,2014,0.656,23,8326354
Tajikistan,TJK,2015,0.657,26,8524066
Tajikistan,TJK,2016,0.66,25,8725326
Tajikistan,TJK,2017,0.665,21,8925529
Tajikistan,TJK,2018,0.671,25,9128131
Tanzania,TZA,2012,0.504,35,47786136
Tanzania,TZA,2013,0.51,33,49253648
Tanzania,TZA,2014,0.515,31,50814552
Tanzania,TZA,2015,0.52,30,52542824
Tanzania,TZA,2016,0.524,32,54401804
Tanzania,TZA,2017,0.528,36,56267040
Tanzania,TZA,2018,0.538,36,58090444
Thailand,THA,2012,0.746,37,69157024
Thailand,THA,2013,0.747,35,69578600
Thailand,THA,2014,0.778,38,69960944
Thailand,THA,2015,0.781,38,70294408
Thailand,THA,2016,0.785,35,70607032
Thailand,THA,2017,0.79,37,70898208
Thailand,THA,2018,0.795,36,71127808
Timor,TLS,2012,0.635,33,1137683
Timor,TLS,2013,0.63,30,1161558
Timor,TLS,2014,0.622,28,1184842
Timor,TLS,2015,0.614,28,1205822
Timor,TLS,2016,0.604,35,1224568
Timor,TLS,2017,0.606,38,1243238
Timor,TLS,2018,0.605,35,1261850
Togo,TGO,2012,0.491,30,6926634
Togo,TGO,2013,0.499,29,7106238
Togo,TGO,2014,0.505,29,7288381
Togo,TGO,2015,0.514,32,7473232
Togo,TGO,2016,0.518,32,7661361
Togo,TGO,2017,0.524,32,7852799
Togo,TGO,2018,0.528,30,8046680
Trinidad and Tobago,TTO,2012,0.8,39,1430379
Trinidad and Tobago,TTO,2013,0.806,38,1440731
Trinidad and Tobago,TTO,2014,0.809,38,1450663
Trinidad and Tobago,TTO,2015,0.816,39,1460180
Trinidad and Tobago,TTO,2016,0.815,35,1469334
Trinidad and Tobago,TTO,2017,0.817,41,1478616
Trinidad and Tobago,TTO,2018,0.815,41,1504707
Tunisia,TUN,2012,0.724,41,11174384
Tunisia,TUN,2013,0.727,41,11300284
Tunisia,TUN,2014,0.73,40,11428953
Tunisia,TUN,2015,0.733,38,11557779
Tunisia,TUN,2016,0.737,41,11685666
Tunisia,TUN,2017,0.74,42,11811441
Tunisia,TUN,2018,0.743,43,11933040
Turkey,TUR,2012,0.769,49,75277440
Turkey,TUR,2013,0.799,50,76576120
Turkey,TUR,2014,0.809,45,78112064
Turkey,TUR,2015,0.817,42,79646176
Turkey,TUR,2016,0.823,41,81019400
Turkey,TUR,2017,0.833,40,82089824
Turkey,TUR,2018,0.839,41,82809304
Turkmenistan,TKM,2012,0.727,17,5458688
Turkmenistan,TKM,2013,0.73,17,5560099
Turkmenistan,TKM,2014,0.734,17,5663159
Turkmenistan,TKM,2015,0.74,18,5766427
Turkmenistan,TKM,2016,0.742,22,5868568
Turkmenistan,TKM,2017,0.741,19,5968388
Turkmenistan,TKM,2018,0.746,20,6065072
Uganda,UGA,2012,0.504,29,34273296
Uganda,UGA,2013,0.509,26,35273568
Uganda,UGA,2014,0.512,26,36336544
Uganda,UGA,2015,0.517,25,37477356
Uganda,UGA,2016,0.519,25,38748308
Uganda,UGA,2017,0.52,26,40127096
Uganda,UGA,2018,0.522,26,41515400
Ukraine,UKR,2012,0.773,26,45406228
Ukraine,UKR,2013,0.773,25,45307104
Ukraine,UKR,2014,0.773,26,45148072
Ukraine,UKR,2015,0.774,27,44982568
Ukraine,UKR,2016,0.779,29,44833568
Ukraine,UKR,2017,0.782,30,44657260
Ukraine,UKR,2018,0.783,32,44446952
United Arab Emirates,ARE,2012,0.846,68,8664976
United Arab Emirates,ARE,2013,0.852,69,8751853
United Arab Emirates,ARE,2014,0.859,70,8835957
United Arab Emirates,ARE,2015,0.865,70,8916909
United Arab Emirates,ARE,2016,0.87,66,8994266
United Arab Emirates,ARE,2017,0.897,71,9068297
United Arab Emirates,ARE,2018,0.909,70,9140172
United Kingdom,GBR,2012,0.909,74,63808728
United Kingdom,GBR,2013,0.922,76,64302296
United Kingdom,GBR,2014,0.924,78,64773504
United Kingdom,GBR,2015,0.924,81,65224368
United Kingdom,GBR,2016,0.927,81,65655204
United Kingdom,GBR,2017,0.93,82,66064808
United Kingdom,GBR,2018,0.929,80,66432996
United States,USA,2012,0.916,73,316651328
United States,USA,2013,0.917,73,319375168
United States,USA,2014,0.919,74,322033952
United States,USA,2015,0.92,76,324607776
United States,USA,2016,0.922,74,327210208
United States,USA,2017,0.924,75,329791232
United States,USA,2018,0.927,71,332140032
Uruguay,URY,2012,0.798,72,3371134
Uruguay,URY,2013,0.805,73,3381187
Uruguay,URY,2014,0.808,73,3391660
Uruguay,URY,2015,0.811,74,3402820
Uruguay,URY,2016,0.815,71,3413768
Uruguay,URY,2017,0.819,70,3422205
Uruguay,URY,2018,0.819,70,3427044
Uzbekistan,UZB,2012,0.687,17,29503058
Uzbekistan,UZB,2013,0.693,17,29963220
Uzbekistan,UZB,2014,0.698,18,30446542
Uzbekistan,UZB,2015,0.701,19,30949416
Uzbekistan,UZB,2016,0.709,21,31453576
Uzbekistan,UZB,2017,0.715,22,31945680
Uzbekistan,UZB,2018,0.72,23,32449578
Vanuatu,VUT,2017,0.599,43,290250
Vanuatu,VUT,2018,0.603,46,297307
Venezuela,VEN,2012,0.767,19,29470428
Venezuela,VEN,2013,0.774,20,29838022
Venezuela,VEN,2014,0.77,19,30193260
Venezuela,VEN,2015,0.767,17,30529722
Venezuela,VEN,2016,0.757,17,30741464
Venezuela,VEN,2017,0.744,18,30563430
Venezuela,VEN,2018,0.738,18,29825652
Vietnam,VNM,2012,0.672,31,89301328
Vietnam,VNM,2013,0.676,31,90267736
Vietnam,VNM,2014,0.68,31,91235504
Vietnam,VNM,2015,0.684,31,92191400
Vietnam,VNM,2016,0.688,33,93126528
Vietnam,VNM,2017,0.692,35,94033048
Vietnam,VNM,2018,0.697,33,94914328
Yemen,YEM,2012,0.512,23,26223390
Yemen,YEM,2013,0.513,18,26984008
Yemen,YEM,2014,0.505,19,27753310
Yemen,YEM,2015,0.477,18,28516552
Yemen,YEM,2016,0.467,14,29274010
Yemen,YEM,2017,0.459,16,30034386
Yemen,YEM,2018,0.459,14,30790514
Zambia,ZMB,2012,0.548,37,14744662
Zambia,ZMB,2013,0.554,38,15234976
Zambia,ZMB,2014,0.557,38,15737796
Zambia,ZMB,2015,0.562,38,16248231
Zambia,ZMB,2016,0.564,38,16767758
Zambia,ZMB,2017,0.568,37,17298056
Zambia,ZMB,2018,0.572,35,17835898
Zimbabwe,ZWE,2012,0.557,20,13265331
Zimbabwe,ZWE,2013,0.567,21,13555420
Zimbabwe,ZWE,2014,0.576,21,13855758
Zimbabwe,ZWE,2015,0.582,21,14154937
Zimbabwe,ZWE,2016,0.588,22,14452705
Zimbabwe,ZWE,2017,0.594,22,14751101
Zimbabwe,ZWE,2018,0.602,22,15052191
